iter,dual_obj,r,f_evals,âˆ‡f_evals
0,-0.9999999999999997,1.9466868064360778,1,1
1,-81178.93534056266,1.1736752976420664,8,8
2,-85638.49705851442,1.22061705359072,12,12
3,-88930.70025994882,0.8659492366415633,16,16
4,-93344.7305811197,1.0911742076747397,20,20
5,-96473.02818347546,0.9355242511444676,24,24
6,-97310.97247979783,0.9957535639910966,29,29
7,-99551.04461630303,0.9239497548258321,34,34
8,-99553.47835313671,0.8263255068145099,42,42
9,-100434.84117133191,0.8949829850985085,46,46
10,-100434.78270488133,0.9877092599571213,71,71
11,-101171.64241750153,0.701006453039879,75,75
12,-101337.7556648467,0.9832516188801869,79,79
13,-101589.94872798136,0.9308441785237168,82,82
14,-101680.07504867461,0.9799202620484839,85,85
15,-101829.65983764626,0.9267837143839657,89,89
16,-101829.5765452709,0.9793683787710572,105,105
17,-101846.02197307532,0.9957611973478652,110,110
18,-102347.997306725,0.6901840503320769,115,115
19,-102347.91692047377,0.965455915017034,135,135
20,-102452.96029552132,0.9066651368492008,141,141
21,-102569.26111128695,0.9030377994322567,146,146
22,-102642.98359237099,0.9868445567577556,149,149
23,-102678.30170825205,0.9885593687467206,183,183
24,-102882.12866391626,0.8876356430351116,188,188
25,-102891.27294194515,0.9389454677689433,195,195
26,-103004.62785395251,0.9521934616838583,199,199
27,-103004.56591191259,0.932445484524146,215,215
28,-103013.84021108453,0.9769570775689529,219,219
29,-103021.48170764264,0.8798162413722189,224,224
30,-103058.67666820729,0.8856690364678789,229,229
31,-103059.55018432502,0.9616937852718952,243,243
32,-103065.17463121857,0.9805456585372745,246,246
33,-103284.90861617381,0.8359964069069086,250,250
34,-103366.57775034744,0.9529231302062094,254,254
35,-103423.14920734236,0.992368603385785,258,258
36,-103486.12926395566,0.8768870568507777,261,261
37,-103486.0279373278,0.9780058188977506,275,275
38,-103499.41050157514,0.9976107140033719,280,280
39,-103540.6415655411,0.9078797327416867,287,287
40,-103574.40988890761,0.9436103673915255,290,290
41,-103599.44537550562,0.8232713713304811,295,295
42,-103635.55656522379,0.7262301983669714,298,298
43,-103640.66215655522,0.9753055310466561,302,302
44,-103640.9662194264,0.81700244893213,309,309
45,-103654.05510406583,0.939712373153053,315,315
46,-103665.7420014286,0.7308973000587043,320,320
47,-103706.40885766213,0.9613463146213705,327,327
48,-103736.02550711384,0.9639899448136385,332,332
49,-103745.51567383099,0.7303930144347386,340,340
50,-103775.84223570503,0.9174916389307113,344,344
51,-103776.42083594057,0.6938368442964515,349,349
52,-103777.7856512534,0.7292548564796772,353,353
53,-103777.73320833947,0.9625905462414739,363,363
54,-103779.04409807002,0.8797471294893631,368,368
55,-103780.03507560948,0.9630812410591846,374,374
56,-103783.1794968791,0.8942727604958681,380,380
57,-103785.27191945483,0.9516612036676636,385,385
58,-103796.92578961582,0.7959693033011468,390,390
59,-103806.41123416068,0.839765070176278,394,394
60,-103806.32291318977,0.9559984345537509,404,404
61,-103807.29050816476,0.8257078734898158,409,409
62,-103807.52706504641,0.9171952994769192,418,418
63,-103808.31762726797,0.8780669146960012,426,426
64,-103810.31040462769,0.6106833698751223,432,432
65,-103810.26831105031,0.7942130339062339,442,442
66,-103811.34114333629,0.42585661972696565,447,447
67,-103811.92603502641,0.8849788374181754,452,452
68,-103812.91968898091,0.6828017401193877,455,455
69,-103815.04813101933,0.7067187755400892,459,459
70,-103815.00695319445,0.5507229829395603,465,465
71,-103815.22091549996,0.6400563367798208,469,469
72,-103815.37141730532,0.6350346924459326,473,473
73,-103815.6151695718,0.43021717191941455,477,477
74,-103815.51476490607,0.6716851701565268,483,483
75,-103816.06227768051,0.5682955688769371,489,489
76,-103817.9478794148,0.8034356100403985,493,493
77,-103818.05969208974,0.4717358774066359,497,497
78,-103818.41776625371,0.7406184954015906,503,503
79,-103820.80276304418,0.553214414718282,509,509
80,-103821.3418149653,0.6345332991121962,512,512
81,-103823.77879477924,0.6425123769359824,516,516
82,-103824.06991543918,0.7072768219370255,526,526
83,-103825.59686412997,0.8534774469414638,529,529
84,-103833.20288097358,0.8851991592530303,533,533
85,-103834.90285243659,0.9457184449764722,538,538
86,-103834.85374776492,0.6309004924952605,550,550
87,-103837.82983708932,0.9492422465834939,557,557
88,-103843.25222155075,0.8148316606237532,561,561
89,-103847.11546431846,0.805594982490934,565,565
90,-103847.84352993526,0.7223946536962024,569,569
91,-103848.04104324979,0.7267932506281715,574,574
92,-103854.64861346266,0.694758243857585,578,578
93,-103855.81732549438,0.9546276773120705,584,584
94,-103866.11089230311,0.9505522129715329,588,588
95,-103866.01153988713,0.9075324614339121,599,599
96,-103867.19779911573,0.42419182465658334,605,605
97,-103869.25266493896,0.593535681175361,609,609
98,-103870.05532333162,0.5173024024022048,613,613
99,-103870.53828861544,0.4375488936512566,616,616
100,-103871.02907837357,0.5868437032775968,620,620
101,-103873.17746848022,0.47128524562465396,625,625
102,-103873.34585352249,0.6246447939711458,628,628
103,-103874.40585983232,0.8574100459256184,633,633
104,-103874.4163788267,0.5895588377626263,636,636
105,-103874.45592461618,0.6056618199255753,641,641
106,-103875.40090255051,0.2899652741562849,645,645
107,-103875.31044902165,0.7292211423165942,675,675
108,-103875.40202642475,0.354321429583892,680,680
109,-103876.07546241628,0.5689953383143195,684,684
110,-103876.39756337885,0.2681844418087169,688,688
111,-103876.79580081048,0.4405051031883712,692,692
112,-103877.00465729045,0.5256476632357606,696,696
113,-103876.9121901165,0.35107809564819425,700,700
114,-103877.309601647,0.6502426756724915,705,705
115,-103877.23984135072,0.30117364774502675,709,709
116,-103877.48087955725,0.5843883096158254,715,715
117,-103878.07982180276,0.29044853302241525,719,719
118,-103878.17847049689,0.4102209210419626,723,723
119,-103878.14423105751,0.16305152435246398,727,727
120,-103878.25238813071,0.4099847029655492,733,733
121,-103878.47569153432,0.17852979547917475,737,737
122,-103878.39027650506,0.3229219138068341,744,744
123,-103878.30876097792,0.43888565101781163,750,750
124,-103878.88084769707,0.43065015744569013,756,756
125,-103878.94340875016,0.5207274995215609,761,761
126,-103879.43616012296,0.30894020862689237,765,765
127,-103879.67868991433,0.550841983168081,771,771
128,-103879.77064001097,0.43097176482255134,775,775
129,-103880.86430484294,0.600293604003668,779,779
130,-103881.4230282782,0.4003429936484343,783,783
131,-103884.9586461292,0.9176658812982604,790,790
132,-103884.91863112699,0.4303914256219867,798,798
133,-103884.98711939469,0.5459252495353265,805,805
134,-103885.53759934097,0.6270505192331204,809,809
135,-103885.60288067904,0.5364949783873005,814,814
136,-103885.68587536327,0.6402404663267997,819,819
137,-103885.9885392769,0.5038608733532639,822,822
138,-103886.84952040824,0.5193349399954742,826,826
139,-103886.80508882264,0.35932799011513944,831,831
140,-103887.3074482238,0.5152664579823291,838,838
141,-103887.73931901512,0.21527144673337423,842,842
142,-103887.99745424108,0.4098100829194852,846,846
143,-103888.39493533905,0.5781886398153346,851,851
144,-103888.45106103909,0.46846046925698354,856,856
145,-103889.17902088685,0.7295697427762013,860,860
146,-103889.08780207089,0.20803441670238135,864,864
147,-103888.9913893402,0.4761500294889522,870,870
148,-103889.020934828,0.6774274579195073,877,877
149,-103889.98660291343,0.6628333419802215,881,881
150,-103890.32451733392,0.5250554754142254,885,885
151,-103890.57067987455,0.42872307497820666,889,889
152,-103891.1990202723,0.544268136604964,893,893
153,-103891.21931862622,0.3757128957536715,898,898
154,-103891.17086641751,0.6036114786790446,904,904
155,-103891.88787412866,0.2237814249834815,908,908
156,-103892.1941557753,0.43952141689962493,912,912
157,-103892.41394250655,0.9279250995040831,917,917
158,-103892.39809870561,0.38939944402007676,923,923
159,-103892.35381716254,0.5903029043473993,955,955
160,-103892.73584935474,0.3163403608385209,960,960
161,-103893.5729955679,0.6044286585886658,964,964
162,-103893.50337218332,0.4688762261355583,968,968
163,-103893.54854762813,0.34351652276854,973,973
164,-103893.86801354348,0.6471421492860258,1011,1011
165,-103894.08144408866,0.47393083058351626,1018,1018
166,-103895.22461134667,0.3955991799792805,1022,1022
167,-103895.47990889532,0.44251099012767736,1028,1028
168,-103896.0295896975,0.7343502159015123,1032,1032
169,-103896.6662411585,0.34269627253794044,1036,1036
170,-103896.80462378102,0.39653221537735367,1040,1040
171,-103897.40207442363,0.45533296137879165,1044,1044
172,-103897.695539328,0.4002473758737965,1048,1048
173,-103897.67653024722,0.17828397576619204,1052,1052
174,-103897.64909132765,0.36097013124081406,1085,1085
175,-103898.34128604725,0.19777893143289324,1089,1089
176,-103898.7303380273,0.33116136713837113,1093,1093
177,-103898.94064762976,0.9468438614615566,1097,1097
178,-103898.84468045877,0.09696450309097968,1101,1101
179,-103898.88767888976,0.21844485612202666,1107,1107
180,-103899.03753060632,0.18227965536176743,1111,1111
181,-103899.37323573424,0.4204301866277109,1116,1116
182,-103899.30697233623,0.436805680190048,1122,1122
183,-103900.10875550946,0.32557219438936746,1126,1126
184,-103900.37701254209,0.44674992009004655,1131,1131
185,-103900.44856168189,0.3210421255739703,1136,1136
186,-103900.62703112271,0.16971152554146876,1140,1140
187,-103900.8135537949,0.48478560983679664,1147,1147
188,-103900.96681470025,0.5737481510426429,1152,1152
189,-103901.39011505427,0.4060089698271381,1158,1158
190,-103901.37664208787,0.23963517487042174,1164,1164
191,-103901.70158016984,0.40578100288320695,1168,1168
192,-103901.77607072634,0.2315519758301875,1172,1172
193,-103901.7227498609,0.29540004251842206,1179,1179
194,-103902.05937276855,0.31592982961805777,1183,1183
195,-103902.30116396162,0.2967542059505498,1187,1187
196,-103902.37277438746,0.23196349084414253,1191,1191
197,-103903.02321434561,0.35744275325940905,1196,1196
198,-103903.17478849344,0.7130591611963779,1203,1203
199,-103904.50234606824,0.687354835053324,1208,1208
200,-103906.78870861388,0.6356851112305019,1212,1212
201,-103908.15081415365,0.5814179863624993,1216,1216
202,-103908.73185468448,0.5141735712353638,1222,1222
203,-103909.16488791828,0.5474135024529373,1227,1227
204,-103909.13053153885,0.5856963627587862,1236,1236
205,-103909.40224334979,0.6480056465198968,1244,1244
206,-103910.59410200785,0.40263041777559044,1248,1248
207,-103911.2847837471,0.3646461649799459,1254,1254
208,-103911.71792125965,0.3479982641286331,1257,1257
209,-103912.14379534128,0.5654550757809966,1265,1265
210,-103912.4219626785,0.5211429818177973,1272,1272
211,-103912.47970240087,0.5562127791387108,1276,1276
212,-103913.90009171821,0.3489986872037665,1280,1280
213,-103913.94661912027,0.5161241394909384,1285,1285
214,-103914.18636512918,0.37966006967931515,1289,1289
215,-103914.3028087884,0.23859578008309698,1292,1292
216,-103914.59521539952,0.27930266694624384,1296,1296
217,-103914.69546793729,0.2331843521027979,1300,1300
218,-103914.76928525779,0.198484043189482,1304,1304
219,-103914.67468321107,0.5201478980282404,1330,1330
220,-103915.14608547468,0.17881863326887112,1334,1334
221,-103915.50856289122,0.6673390493335576,1340,1340
222,-103915.92195125061,0.40506596543974277,1344,1344
223,-103915.82068349757,0.3045567205502924,1353,1353
224,-103916.52546895569,0.32739240670486797,1357,1357
225,-103916.48576766976,0.5378347554897341,1370,1370
226,-103917.03485682374,0.450602133161164,1376,1376
227,-103916.93582387763,0.2016204072042524,1384,1384
228,-103917.10579964762,0.33669626973821953,1388,1388
229,-103917.30193570584,0.7242222731781638,1393,1393
230,-103917.28606975015,0.47974932409746446,1396,1396
231,-103917.35979958173,0.33432887067357453,1402,1402
232,-103917.79181929155,0.28763162860263053,1406,1406
233,-103917.7452167853,0.23440367302043774,1410,1410
234,-103917.93219645276,0.5316388672794978,1416,1416
235,-103917.9642293628,0.3738154552010012,1421,1421
236,-103918.03776860269,0.37999734844579514,1426,1426
237,-103918.3097097656,0.1665924715891189,1430,1430
238,-103918.37740016094,0.24924765824761838,1436,1436
239,-103918.48068612479,0.24474860558545197,1443,1443
240,-103918.66251778288,0.5744270467010285,1448,1448
241,-103918.64755523573,0.19277271078294192,1451,1451
242,-103918.69335839381,0.1933797195469475,1456,1456
243,-103918.74392678284,0.2422822387235666,1461,1461
244,-103918.7563487224,0.1615445858562603,1466,1466
245,-103918.79069695188,0.12481028748353386,1470,1470
246,-103918.82754214735,0.22828975458141124,1476,1476
247,-103918.86163839135,0.12171110269497559,1480,1480
248,-103918.8796187058,0.18285461909948442,1486,1486
249,-103918.95479203278,0.08291558696949018,1490,1490
250,-103919.01181922303,0.7835806328061234,1495,1495
251,-103919.00756462429,0.16950971425617511,1500,1500
252,-103918.98259640062,0.3246821240810919,1507,1507
253,-103919.37570200088,0.2822125056462119,1511,1511
254,-103919.36879260317,0.2859638515947153,1515,1515
255,-103919.69662978081,0.32497630654863485,1521,1521
256,-103919.80169393106,0.22482522992591425,1525,1525
257,-103919.79244747819,0.35856158926224135,1531,1531
258,-103920.0889851885,0.19739753625395318,1535,1535
259,-103920.08980140658,0.2341025587720574,1539,1539
260,-103920.14510944232,0.2405311495359087,1544,1544
261,-103920.18818512296,0.21602896659444754,1549,1549
262,-103920.20009089384,0.15069031580549141,1554,1554
263,-103920.182905493,0.12704518388153457,1561,1561
264,-103920.24070859305,0.0912896772148523,1565,1565
265,-103920.2182522756,0.17918857191173998,1571,1571
266,-103920.27065751249,0.15458420810419113,1577,1577
267,-103920.31966668261,0.23459308022956363,1581,1581
268,-103920.30781471063,0.08496098754378385,1583,1583
269,-103920.3094978611,0.10583601611019525,1606,1606
270,-103920.36723318034,0.07929045735662332,1610,1610
271,-103920.31335080646,0.13789500953728126,1624,1624
272,-103920.4094751032,0.0933488489117917,1628,1628
273,-103920.40137931373,0.09736481967407574,1632,1632
274,-103920.4549658423,0.11038278427105108,1637,1637
275,-103920.45279876438,0.06502743496641511,1641,1641
276,-103920.50571087259,0.09574235854872094,1646,1646
277,-103920.50186045282,0.057708922314381475,1648,1648
278,-103920.54251837963,0.4586644000021079,1654,1654
279,-103920.50598329114,0.057747281827070264,1658,1658
280,-103920.50212798892,0.14667452826383862,1664,1664
281,-103920.5623548829,0.19287636125059673,1668,1668
282,-103920.52440205449,0.15326879752051184,1673,1673
283,-103920.57846023806,0.7087443365250345,1678,1678
284,-103920.57363230566,0.1736125265205528,1683,1683
285,-103920.6575520822,0.0831550717752215,1687,1687
286,-103920.64614750078,0.1438019168925623,1693,1693
287,-103920.57524453691,0.22988261260283466,1715,1715
288,-103920.69252710587,0.2047313278536811,1720,1720
289,-103920.73498051049,0.22629882433698958,1725,1725
290,-103920.78860817017,0.18642386269710384,1729,1729
291,-103920.74114725301,0.09664777424851914,1734,1734
292,-103920.78078952123,0.12845491154256816,1738,1738
293,-103920.75593986001,0.13219717241461842,1744,1744
294,-103920.78471688787,0.16175480394688874,1751,1751
295,-103920.84957579718,0.15328865175534806,1755,1755
296,-103920.83536304817,0.125622395365806,1757,1757
297,-103920.85315152131,0.20684763166353354,1762,1762
298,-103920.88084424405,0.1047830495152852,1766,1766
299,-103920.87303381896,0.08191255708341572,1768,1768
300,-103920.89846354545,0.11992628305502209,1773,1773
301,-103920.89390181581,0.05438908686731875,1775,1775
302,-103920.92018342364,0.4572322659720122,1781,1781
303,-103920.88318699275,0.26136583177032646,1785,1785
304,-103920.9059986102,0.16965940711429905,1790,1790
305,-103920.87146723963,0.12283279570612737,1815,1815
306,-103920.9558190206,0.14270882277184585,1819,1819
307,-103920.94310926792,0.0774301165883711,1821,1821
308,-103920.98509965095,0.13394213788066528,1826,1826
309,-103920.9790542665,0.08923583192646298,1829,1829
310,-103921.05055876232,0.16956162529549174,1834,1834
311,-103921.0380051129,0.1739447066628682,1839,1839
312,-103921.13426017838,0.9585204161772161,1844,1844
313,-103921.10726331602,0.1685972047256049,1848,1848
314,-103921.19116226066,0.24066163088170686,1852,1852
315,-103921.16908489961,0.12926449417028593,1854,1854
316,-103921.22189240252,0.1403601638123314,1859,1859
317,-103921.2123650319,0.0838091217395215,1861,1861
318,-103921.18082718187,0.22819107804092584,1889,1889
319,-103921.27090407084,0.15624654668811627,1893,1893
320,-103921.24745279395,0.16604808529264273,1895,1895
321,-103921.3051603454,0.07844187965584297,1900,1900
322,-103921.30112443713,0.09380408358998667,1902,1902
323,-103921.3068100469,0.024029819081605144,1907,1907
324,-103921.30621511348,0.0947549653835223,1912,1912
325,-103921.31110348598,0.14243266854935946,1918,1918
326,-103921.33548477339,0.9341446328687668,1923,1923
327,-103921.32005070471,0.20817045540521198,1927,1927
328,-103921.25040596242,0.1340597586406351,1929,1929
329,-103921.25604014592,0.14950292566793402,1956,1956
330,-103921.31147830556,0.11409910430471806,1962,1962
331,-103921.33079775615,0.20078325287047905,1967,1967
332,-103921.32318862068,0.1301091131685711,1971,1971
333,-103921.30011605253,0.11754495333264531,1991,1991
334,-103921.3402697592,0.08471951744153548,1995,1995
335,-103921.33511023516,0.08385055751020454,1997,1997
336,-103921.35822292688,0.09875219481561258,2002,2002
337,-103921.35500621931,0.057412172325489494,2004,2004
338,-103921.41474276161,0.7090172144029191,2011,2011
339,-103921.35706766947,0.14681546755277672,2015,2015
340,-103921.26257218148,0.1805561440719281,2026,2026
341,-103921.34983227636,0.12111212355646196,2030,2030
342,-103921.34149745261,0.12572382527430176,2033,2033
343,-103921.40295275113,0.35126840231338763,2040,2040
344,-103921.36977692886,0.23893928340113796,2044,2044
345,-103921.41795048691,0.12436010627886382,2048,2048
346,-103921.41635209306,0.03201395507655319,2052,2052
347,-103921.42129332264,0.04581535935086087,2057,2057
348,-103921.42183292436,0.04849649801039575,2063,2063
349,-103921.40971515654,0.09425567063921417,2082,2082
350,-103921.30654825883,0.1649524139247329,2087,2087
351,-103921.21142032875,0.18210807999378245,2119,2119
352,-103921.32521668453,0.19960044416362113,2123,2123
353,-103921.30355807865,0.14849873094858485,2125,2125
354,-103921.25570935712,0.17848876268687874,2141,2141
355,-103921.33628093237,0.1043370251301092,2147,2147
356,-103921.28804318105,0.19335150022891687,2169,2169
357,-103921.38085681475,0.12805304092004122,2173,2173
358,-103921.39986814465,0.15355453370260969,2177,2177
359,-103921.41123740266,0.04104745500652096,2181,2181
360,-103921.41065533702,0.08772463865255262,2183,2183
361,-103921.39394962792,0.06632662207910843,2203,2203
362,-103921.42293649128,0.20328483325166952,2208,2208
363,-103921.42026443826,0.04297580150529472,2213,2213
364,-103921.42563645751,0.09274546617220264,2219,2219
365,-103921.43513210145,0.037134633359851094,2223,2223
366,-103921.43429035813,0.07687988623463883,2227,2227
367,-103921.44056160742,0.05093539493740361,2232,2232
368,-103921.44582270498,0.031943174861813445,2238,2238
369,-103921.43229614843,0.09646303161265984,2255,2255
370,-103921.45193088133,0.07633373501694263,2259,2259
371,-103921.44949128496,0.07554755122106238,2261,2261
372,-103921.46824813855,0.1874274631623334,2267,2267
373,-103921.41502626706,0.15366058975607802,2270,2270
374,-103921.44446378258,0.0946234046302242,2274,2274
375,-103921.39902284589,0.1232884457880437,2289,2289
376,-103921.45711089723,0.05338917795128643,2293,2293
377,-103921.45378871576,0.06603326381758588,2298,2298
378,-103921.45881787282,0.04327610822149823,2326,2326
379,-103921.3938246221,0.07456953362237725,2332,2332
380,-103921.40824855931,0.1398197336020765,2336,2336
381,-103921.40515481691,0.07526307655075079,2338,2338
382,-103921.4065808779,0.12332521688767563,2343,2343
383,-103921.43216189306,0.1060383118594492,2348,2348
384,-103921.42997873697,0.04780419472381568,2350,2350
385,-103921.35198180453,0.17224025159176837,2370,2370
386,-103921.44540142971,0.0878020388524778,2376,2376
387,-103921.4658226547,0.17056570674017377,2381,2381
388,-103921.4589167989,0.07102429180394941,2385,2385
389,-103921.45430988418,0.09228352180957249,2391,2391
390,-103921.40224731938,0.10731987361042268,2411,2411
391,-103921.4302134169,0.19306303243398654,2415,2415
392,-103921.41859159809,0.09643315979918576,2417,2417
393,-103921.43119437776,0.09861326542745989,2425,2425
394,-103921.4640600455,0.1131162658070031,2429,2429
395,-103921.45884691153,0.06743471214938296,2431,2431
396,-103921.48390120834,0.2954926363283227,2437,2437
397,-103921.42809605197,0.11289487705323795,2440,2440
398,-103921.42930617482,0.08741356573049353,2445,2445
399,-103921.38452299769,0.15377580041003888,2463,2463
400,-103921.44996426009,0.0903736273357045,2467,2467
401,-103921.4401674103,0.09698474735039275,2469,2469
402,-103921.45552129962,0.081913801624311,2474,2474
403,-103921.45171173719,0.0803130788410621,2476,2476
404,-103921.44482977656,0.08153696336355283,2501,2501
405,-103921.46812245651,0.10938506746345901,2505,2505
406,-103921.46336733349,0.05587255714812297,2507,2507
407,-103921.4688816103,0.048528487671446824,2512,2512
408,-103921.46734415613,0.047842451607457266,2514,2514
409,-103921.44034026339,0.08370182388980013,2531,2531
410,-103921.47011266317,0.12243413887549616,2535,2535
411,-103921.46091646237,0.05825982841529948,2537,2537
412,-103921.40027119401,0.1263673561055387,2556,2556
413,-103921.45730682912,0.16687827326676502,2560,2560
414,-103921.43692264176,0.10570996668762168,2562,2562
415,-103921.40672182044,0.1222496432411922,2588,2588
416,-103921.47398218897,0.1710443086422763,2592,2592
417,-103921.45131851935,0.085856598915035,2594,2594
418,-103921.48008489187,0.06580187058482244,2599,2599
419,-103921.47770067914,0.0539586318237151,2602,2602
420,-103921.48763750448,0.12206717120963376,2609,2609
421,-103921.48663927976,0.041749856659510226,2614,2614
422,-103921.48480183608,0.04362014139707883,2640,2640
423,-103921.41064287868,0.1126712817256105,2652,2652
424,-103921.4545072644,0.21534173410279311,2656,2656
425,-103921.43595912328,0.09962919866434573,2658,2658
426,-103921.45817756117,0.4815207793716091,2664,2664
427,-103921.41840051369,0.3263231048568207,2668,2668
428,-103921.43551131416,0.13346607057583337,2673,2673
429,-103921.40394731713,0.1511428538104818,2698,2698
430,-103921.47371677,0.15661915368483942,2702,2702
431,-103921.45692491223,0.10068832576481404,2704,2704
432,-103921.48317842383,0.08697726512378251,2709,2709
433,-103921.47724316182,0.061459236558576553,2711,2711
434,-103921.42640244507,0.13042779910188582,2729,2729
435,-103921.47949517562,0.1832541601925728,2733,2733
436,-103921.46119017634,0.10168266071322249,2735,2735
437,-103921.48525575666,0.05693034835688625,2740,2740
438,-103921.48429408911,0.050945521142017856,2744,2744
439,-103921.41594187968,0.1477739018803147,2760,2760
440,-103921.4537704004,0.1952043532956547,2765,2765
441,-103921.48197194657,0.24928801063325842,2770,2770
442,-103921.4695131957,0.17611032913200622,2774,2774
443,-103921.36705001893,0.19219748114294594,2790,2790
444,-103921.48134953581,0.12241402658515536,2794,2794
445,-103921.46322271171,0.10648733293337999,2796,2796
446,-103921.4886191033,0.11726245774828714,2801,2801
447,-103921.48108488452,0.06400840705895978,2803,2803
448,-103921.39325262628,0.16399410399765496,2818,2818
449,-103921.48068364039,0.22769435469479737,2822,2822
450,-103921.4506892488,0.119355958166409,2824,2824
451,-103921.48593452293,0.10699404099480736,2829,2829
452,-103921.47764857463,0.07667186989426314,2831,2831
453,-103921.41307379119,0.1514525420042598,2850,2850
454,-103921.48700233242,0.19263007520828415,2854,2854
455,-103921.4634061231,0.10541148645633658,2856,2856
456,-103921.48998672084,0.11353031087797444,2861,2861
457,-103921.48233694294,0.06794590986942953,2863,2863
458,-103921.4120297908,0.15051619841698788,2879,2879
459,-103921.48383505818,0.2039287599872185,2883,2883
460,-103921.45957941379,0.10990804602129342,2885,2885
461,-103921.48857866843,0.09676100326444362,2890,2890
462,-103921.48190231582,0.06987052302880559,2892,2892
463,-103921.43097475269,0.1338775745026905,2910,2910
464,-103921.48741294561,0.17720074297226904,2914,2914
465,-103921.46880280979,0.09836731183794728,2916,2916
466,-103921.49080126842,0.08796066789062494,2921,2921
467,-103921.48546318246,0.06231115871590008,2923,2923
468,-103921.44326067044,0.1210342446380416,2940,2940
469,-103921.48747470551,0.16368648255826052,2944,2944
470,-103921.47252007527,0.09035655313635044,2946,2946
471,-103921.49124603235,0.06793681639052196,2951,2951
472,-103921.48939464819,0.0496570572476943,2954,2954
473,-103921.49235304038,0.044814545996888694,2961,2961
474,-103921.49513207127,0.06763327390560951,2966,2966
475,-103921.49529352025,0.022325835929213646,2971,2971
476,-103921.49481606662,0.022128876269868786,2994,2994
477,-103921.48221006843,0.06532379853214099,3006,3006
478,-103921.49332995489,0.09483683270857492,3010,3010
479,-103921.48928969064,0.05190494152790097,3012,3012
480,-103921.46947965743,0.08829260340113759,3031,3031
481,-103921.49195570342,0.12210372010239383,3035,3035
482,-103921.48434403517,0.06646864243980581,3037,3037
483,-103921.42765669581,0.13840413479421898,3055,3055
484,-103921.48712381964,0.18712134630448504,3059,3059
485,-103921.46693349472,0.10448903883034409,3061,3061
486,-103921.49121954788,0.08404297572912156,3066,3066
487,-103921.48580089446,0.06611584054285653,3068,3068
488,-103921.44795353751,0.1183397291492804,3086,3086
489,-103921.49039555117,0.15818803597273268,3090,3090
490,-103921.47637887963,0.08572895930652108,3092,3092
491,-103921.49344618017,0.07378645206718776,3097,3097
492,-103921.48966835732,0.05336892008978465,3099,3099
493,-103921.46122531712,0.1023702975645932,3117,3117
494,-103921.49058544407,0.13826132238548516,3121,3121
495,-103921.48051912403,0.07919194961522684,3123,3123
496,-103921.4085896839,0.1570171335618336,3141,3141
497,-103921.48920181333,0.2052278245342479,3145,3145
498,-103921.46311865342,0.10921092731918368,3147,3147
499,-103921.49265791342,0.12408539720256724,3152,3152
500,-103921.48406803685,0.06975831250245984,3154,3154
501,-103921.400689147,0.16150224829957183,3170,3170
502,-103921.48756127729,0.2155507297720696,3174,3174
503,-103921.45857153961,0.1186347633789563,3176,3176
504,-103921.49140494919,0.12244741644681822,3181,3181
505,-103921.48209887362,0.07718832115779643,3183,3183
506,-103921.39953850645,0.16524845986868217,3200,3200
507,-103921.48979684184,0.2135436626483066,3204,3204
508,-103921.46077828633,0.11343922098859693,3206,3206
509,-103921.49311349232,0.13842932897719276,3211,3211
510,-103921.48308291027,0.07299662186857145,3213,3213
511,-103921.37985575893,0.17722847525127494,3228,3228
512,-103921.4879066316,0.2346498318511653,3232,3232
513,-103921.45210595292,0.12797327344287987,3234,3234
514,-103921.49166437576,0.15072930943369212,3239,3239
515,-103921.47915950938,0.0842819024956655,3241,3241
516,-103921.49399964159,0.0669821017497208,3246,3246
517,-103921.49075213433,0.05395370033484017,3248,3248
518,-103921.47132000838,0.08799322696389077,3267,3267
519,-103921.4935225706,0.12137997437262193,3271,3271
520,-103921.48605497913,0.06661771215893532,3273,3273
521,-103921.42816180759,0.140160744966584,3292,3292
522,-103921.48868608415,0.1905241701053767,3296,3296
523,-103921.4680195578,0.10594629644768061,3298,3298
524,-103921.49256450469,0.088173544600943,3303,3303
525,-103921.48684627439,0.06769069786104273,3305,3305
526,-103921.44594362749,0.12330780549198311,3325,3325
527,-103921.49206177701,0.163829682436053,3329,3329
528,-103921.47692907098,0.0880830411751187,3331,3331
529,-103921.49487231401,0.08359955740210495,3336,3336
530,-103921.49049135417,0.05513833474237845,3338,3338
531,-103921.45444471769,0.11335170203285364,3355,3355
532,-103921.49099648952,0.15410769147283826,3359,3359
533,-103921.4784212406,0.08728778009400849,3361,3361
534,-103921.37764912838,0.1832875621391793,3379,3379
535,-103921.49167050936,0.23157408820197647,3383,3383
536,-103921.45585092952,0.12199373719614162,3385,3385
537,-103921.48865200816,0.20277046787628641,3391,3391
538,-103921.48818348841,0.07738382249826495,3396,3396
539,-103921.46903119536,0.09450188570184087,3419,3419
540,-103921.49227874122,0.10635406403065377,3423,3423
541,-103921.48534126191,0.07247259587984252,3425,3425
542,-103921.44229030312,0.12811832257778355,3443,3443
543,-103921.49263774102,0.16958095859637085,3447,3447
544,-103921.47617127023,0.09057912914860952,3449,3449
545,-103921.4953308455,0.09186316002859865,3454,3454
546,-103921.49034236488,0.05696712925091957,3456,3456
547,-103921.44704896996,0.1222597217792011,3474,3474
548,-103921.4907687203,0.16676673421019644,3478,3478
549,-103921.47572967403,0.09366661464243087,3480,3480
550,-103921.49432222034,0.06692617922344175,3485,3485
551,-103921.49244154793,0.05205478278032857,3488,3488
552,-103921.49568282111,0.0438055156544757,3495,3495
553,-103921.49815998413,0.068279938891433,3500,3500
554,-103921.49844921048,0.021369510840733602,3505,3505
555,-103921.49763582504,0.02348027289322706,3524,3524
556,-103921.4835696859,0.06695205748686814,3537,3537
557,-103921.49619448592,0.10083378853523925,3541,3541
558,-103921.49165830859,0.052285775740470594,3543,3543
559,-103921.46438963116,0.1014607805221498,3561,3561
560,-103921.49319655469,0.1381241830067004,3565,3565
561,-103921.4832755287,0.07838510072082258,3567,3567
562,-103921.40827890672,0.15957259194804815,3586,3586
563,-103921.4917240026,0.20868984176498517,3590,3590
564,-103921.46468750318,0.10992748130604091,3592,3592
565,-103921.49492694248,0.13189129631215338,3597,3597
566,-103921.48569205987,0.0707068043412175,3599,3599
567,-103921.39347019009,0.17119040738449898,3615,3615
568,-103921.49046435609,0.22465257524269067,3619,3619
569,-103921.45834240312,0.12218416326073142,3621,3621
570,-103921.4939043115,0.14184215387060015,3626,3626
571,-103921.4827655629,0.08051870640380543,3628,3628
572,-103921.49608457196,0.06216778031355885,3633,3633
573,-103921.4932113725,0.051489901133880786,3635,3635
574,-103921.4758466896,0.08252092449428591,3654,3654
575,-103921.49536982132,0.11499711487668507,3658,3658
576,-103921.488773616,0.06283688269963715,3660,3660
577,-103921.44043490592,0.1298335039341842,3678,3678
578,-103921.49132038066,0.17683168104988262,3682,3682
579,-103921.4739513734,0.09849439312544815,3684,3684
580,-103921.49480664861,0.07840646519554836,3689,3689
581,-103921.49014909235,0.06267042650059258,3691,3691
582,-103921.45799135511,0.10994078018741421,3709,3709
583,-103921.49393557299,0.14811768379845539,3713,3713
584,-103921.48199826594,0.07974890010615861,3715,3715
585,-103921.4965995555,0.06794666029008876,3720,3720
586,-103921.49343769942,0.049363221103918414,3722,3722
587,-103921.47040363817,0.09395633771436074,3739,3739
588,-103921.49422777924,0.1265554985922787,3743,3743
589,-103921.4860434242,0.0731001362177287,3745,3745
590,-103921.43008415862,0.14130414136358146,3762,3762
591,-103921.49295496,0.1852703043067673,3766,3766
592,-103921.4723671812,0.09895012312913862,3768,3768
593,-103921.49586478819,0.10772998547887787,3773,3773
594,-103921.4893046655,0.0625695050642851,3775,3775
595,-103921.42927678849,0.1402610690893502,3793,3793
596,-103921.49124462463,0.19067312727365662,3797,3797
597,-103921.47026180149,0.1052487191382076,3799,3799
598,-103921.49473405143,0.0942477184204576,3804,3804
599,-103921.48859146128,0.06784664729511808,3806,3806
600,-103921.44074272233,0.13049471261463602,3824,3824
601,-103921.49332597766,0.1722190107251561,3828,3828
602,-103921.476021953,0.09252211853426343,3830,3830
603,-103921.49620964535,0.09284264061729114,3835,3835
604,-103921.49100703448,0.05823432749721805,3837,3837
605,-103921.44668776215,0.12351466044232129,3854,3854
606,-103921.49227532375,0.16791428562268876,3858,3858
607,-103921.47673919803,0.09393304057374283,3860,3860
608,-103921.4956223583,0.07198854710908777,3865,3865
609,-103921.491581575,0.059415945885535976,3867,3867
610,-103921.46471571589,0.10098273921243366,3886,3886
611,-103921.49472130962,0.13724903285105275,3890,3890
612,-103921.48468817663,0.07453296141717161,3892,3892
613,-103921.39626802207,0.16799613705222785,3911,3911
614,-103921.49060110727,0.22467658037388372,3915,3915
615,-103921.45910991209,0.12262984156115722,3917,3917
616,-103921.49429983484,0.1378085143404692,3922,3922
617,-103921.48357416525,0.08074101052563142,3924,3924
618,-103921.38296905544,0.1819211810348406,3940,3940
619,-103921.49415252492,0.2287991374726418,3944,3944
620,-103921.45913521717,0.12012948874483756,3946,3946
621,-103921.4898871715,0.20049374775876422,3952,3952
622,-103921.49034705413,0.07755597772751052,3957,3957
623,-103921.46859915523,0.09790200436112033,3976,3976
624,-103921.49361415084,0.10900672436905674,3980,3980
625,-103921.48622257104,0.07486361767373476,3982,3982
626,-103921.4380182539,0.1348629122480669,4002,4002
627,-103921.49418007369,0.1763399514855138,4006,4006
628,-103921.4759017417,0.09425786565388791,4008,4008
629,-103921.4968179985,0.1021564995081623,4013,4013
630,-103921.49101221915,0.05915804389993426,4015,4015
631,-103921.43799977175,0.13308252258765255,4031,4031
632,-103921.4917728798,0.18257066829085425,4035,4035
633,-103921.47333373324,0.10109408097783797,4037,4037
634,-103921.49531327513,0.08183046305431764,4042,4042
635,-103921.4902882884,0.06467475185452332,4044,4044
636,-103921.45521882034,0.1150575614458611,4062,4062
637,-103921.49473179741,0.15348754583572027,4066,4066
638,-103921.4816899522,0.08255556659803462,4068,4068
639,-103921.49731958339,0.07544318488750798,4073,4073
640,-103921.4936636646,0.051017962388023474,4075,4075
641,-103921.46490757713,0.10282823947086539,4092,4092
642,-103921.49412946678,0.1399169573463748,4096,4096
643,-103921.48406176647,0.07972109042344575,4098,4098
644,-103921.40917602344,0.16165505676112396,4116,4116
645,-103921.49407055214,0.20738794849524628,4120,4120
646,-103921.46685715546,0.10957772457259898,4122,4122
647,-103921.49681440185,0.14071171963180729,4127,4127
648,-103921.48708768471,0.06978304607070875,4129,4129
649,-103921.38419781525,0.1781860159432791,4145,4145
650,-103921.49134499983,0.23758794421075072,4149,4149
651,-103921.45550539624,0.12769853151517963,4151,4151
652,-103921.49487710421,0.15661576463573243,4156,4156
653,-103921.48203788839,0.08476085850868834,4158,4158
654,-103921.49685826994,0.06830689902594564,4163,4163
655,-103921.4934788093,0.05491248699429224,4165,4165
656,-103921.4724907555,0.09088304223017121,4184,4184
657,-103921.49620025218,0.12483542735928403,4188,4188
658,-103921.48824859246,0.067055577824364,4190,4190
659,-103921.42173112404,0.14802026383272943,4207,4207
660,-103921.49119426699,0.20311652479126754,4211,4211
661,-103921.46749265306,0.11142970000079852,4213,4213
662,-103921.49490703818,0.10368891099000907,4218,4218
663,-103921.48779367632,0.0724028594858255,4220,4220
664,-103921.43184108805,0.14219007530046174,4237,4237
665,-103921.49470310818,0.18359994746918346,4241,4241
666,-103921.474397867,0.09824423510821848,4243,4243
667,-103921.49728369217,0.11320945079615896,4248,4248
668,-103921.49053894308,0.06134556812568892,4250,4250
669,-103921.42551350853,0.14479609423030024,4266,4266
670,-103921.49155052529,0.19968916964915856,4270,4270
671,-103921.46893076932,0.10920915876033155,4272,4272
672,-103921.4951600527,0.09949015648916955,4277,4277
673,-103921.48848213576,0.07082878181466681,4279,4279
674,-103921.43695125717,0.1369380212625722,4297,4297
675,-103921.4947831672,0.17785158042165772,4301,4301
676,-103921.4760089738,0.09534596366926368,4303,4303
677,-103921.49738394567,0.10530450854472732,4308,4308
678,-103921.4913268316,0.05941675809496033,4310,4310
679,-103921.4349665069,0.13635764877909531,4326,4326
680,-103921.4920875041,0.18791206589885096,4330,4330
681,-103921.47249099548,0.1034123718038866,4332,4332
682,-103921.49564236574,0.08686276615469263,4337,4337
683,-103921.49016604444,0.06647039363699919,4339,4339
684,-103921.45075538676,0.12146018825759211,4358,4358
685,-103921.49511834675,0.16044451192439604,4362,4362
686,-103921.48054896743,0.08633477288299071,4364,4364
687,-103921.49769985008,0.0839286904445911,4369,4369
688,-103921.49341258599,0.05329636688752201,4371,4371
689,-103921.45762398132,0.11261957958711069,4388,4388
690,-103921.4937846408,0.1543486098483588,4392,4392
691,-103921.48132542097,0.08680509142054312,4394,4394
692,-103921.37857404439,0.18595643528599304,4411,4411
693,-103921.49533398155,0.2327374677054189,4415,4415
694,-103921.45880282365,0.12165404619346042,4417,4417
695,-103921.4892130985,0.20545188589020602,4423,4423
696,-103921.490978612,0.08105600570166918,4428,4428
697,-103921.46362997945,0.10571407495900509,4447,4447
698,-103921.49346826991,0.11651187820605319,4451,4451
699,-103921.48477180254,0.08041231136533927,4453,4453
700,-103921.4236876053,0.14994911148846793,4472,4472
701,-103921.49491622299,0.19156151365853358,4476,4476
702,-103921.47204265058,0.10254699710472998,4478,4478
703,-103921.49753632635,0.1247456358063115,4483,4483
704,-103921.48965351009,0.06453219640084856,4485,4485
705,-103921.41039169983,0.1578806543129126,4500,4500
706,-103921.49172490851,0.2158369807250832,4504,4504
707,-103921.4640889704,0.11694575912559764,4506,4506
708,-103921.49528156724,0.12180366055006968,4511,4511
709,-103921.48635822574,0.07681499319538605,4513,4513
710,-103921.40884147443,0.16326108691467764,4531,4531
711,-103921.4951767162,0.20735262096643078,4535,4535
712,-103921.46766688433,0.10973090498475115,4537,4537
713,-103921.49482847733,0.1818037872737326,4543,4543
714,-103921.49296793816,0.06603349828580055,4548,4548
715,-103921.48303699687,0.07557633562133301,4568,4568
716,-103921.49709947182,0.08653342527174475,4572,4572
717,-103921.49279558583,0.05864942274374434,4574,4574
718,-103921.46955764822,0.09681613224919888,4593,4593
719,-103921.49661834404,0.132134005962711,4597,4597
720,-103921.48756717517,0.07068768426864183,4599,4599
721,-103921.40543021647,0.16116616824267943,4616,4616
722,-103921.4911486327,0.2215037900885615,4620,4620
723,-103921.46196184236,0.12064104284461785,4622,4622
724,-103921.49500403655,0.12596359657744585,4627,4627
725,-103921.48554205772,0.07935212788230604,4629,4629
726,-103921.40384967269,0.1686575297670574,4646,4646
727,-103921.49599877422,0.21013424085614443,4650,4650
728,-103921.46701317401,0.1116971236635321,4652,4652
729,-103921.49345391079,0.18541606911769395,4658,4658
730,-103921.49324463354,0.06826120425974756,4663,4663
731,-103921.47825999398,0.08479303567540711,4682,4682
732,-103921.49618718331,0.09556604626855197,4686,4686
733,-103921.49080775335,0.06548676426999515,4688,4688
734,-103921.46036198507,0.1107817095078423,4706,4706
735,-103921.49635087466,0.14826681988200194,4710,4710
736,-103921.48447857906,0.07928115189716935,4712,4712
737,-103921.49864119913,0.07325517854124905,4717,4717
738,-103921.49528885777,0.047907535024268894,4719,4719
739,-103921.46840734284,0.099761027125118,4736,4736
740,-103921.49516977317,0.1367348167248237,4740,4740
741,-103921.48587307584,0.07791602936563445,4742,4742
742,-103921.4217975962,0.15312077468436966,4759,4759
743,-103921.49584831805,0.19480994858896697,4763,4763
744,-103921.47216704383,0.10371942445254809,4765,4765
745,-103921.49824096159,0.13198533094023449,4770,4770
746,-103921.48984626503,0.06442478715409058,4772,4772
747,-103921.40188312848,0.16358489232540108,4787,4787
748,-103921.49159830372,0.22684557150903237,4791,4791
749,-103921.46092779688,0.12217318838841956,4793,4793
750,-103921.49527750128,0.13281313290948907,4798,4798
751,-103921.48511340772,0.08069297597791712,4800,4800
752,-103921.39459538217,0.17616047132810164,4817,4817
753,-103921.49644624686,0.21757538126926276,4821,4821
754,-103921.46459592892,0.11542699498363104,4823,4823
755,-103921.4917631455,0.19210321252736112,4829,4829
756,-103921.49295261587,0.07343882317845624,4834,4834
757,-103921.47176264659,0.09549534878075112,4852,4852
758,-103921.49514500971,0.10613864113476768,4856,4856
759,-103921.48825059518,0.07326127157542522,4858,4858
760,-103921.44541722978,0.12933628444241171,4879,4879
761,-103921.49606915591,0.16902877248353104,4883,4883
762,-103921.47960660036,0.09035670174543205,4885,4885
763,-103921.49847473428,0.09710445835727331,4890,4890
764,-103921.49327355628,0.0553077141298718,4892,4892
765,-103921.4459016073,0.12671132413946423,4909,4909
766,-103921.49321362449,0.17550076223904568,4913,4913
767,-103921.47683192647,0.09723539329400374,4915,4915
768,-103921.49675529415,0.07204401309880668,4920,4920
769,-103921.49459138062,0.05477539548683223,4923,4923
770,-103921.49770382406,0.03551073046809926,4931,4931
771,-103921.44593376943,0.1259777915470372,4942,4942
772,-103921.49401020203,0.18362471545190417,4946,4946
773,-103921.47682563521,0.09660914997707229,4948,4948
774,-103921.49695647202,0.07690802095616542,4953,4953
775,-103921.49244447587,0.06198459018016261,4955,4955
776,-103921.46220284632,0.10798760411146122,4977,4977
777,-103921.4964680064,0.14412850892462176,4981,4981
778,-103921.48512786275,0.07792003666134426,4983,4983
779,-103921.49890162998,0.06784578196916605,4988,4988
780,-103921.4958338701,0.04724990959581024,4990,4990
781,-103921.47275489545,0.09334119633131277,5007,5007
782,-103921.49623219323,0.12714704222806303,5011,5011
783,-103921.48812942412,0.07285249576812008,5013,5013
784,-103921.43340929643,0.1412349116090922,5031,5031
785,-103921.49566791028,0.18481176037601554,5035,5035
786,-103921.47539317588,0.09789462421649425,5037,5037
787,-103921.49825021319,0.111411055456557,5042,5042
788,-103921.49156976806,0.06147362989201087,5044,5044
789,-103921.42814477124,0.14425037218002107,5060,5060
790,-103921.49300125055,0.19689474509062965,5064,5064
791,-103921.4708897152,0.1073077664638678,5066,5066
792,-103921.4964860549,0.09920279149761546,5071,5071
793,-103921.4898889366,0.06965173799110706,5073,5073
794,-103921.43789092264,0.1365899155936686,5091,5091
795,-103921.4957021254,0.17889428308958816,5095,5095
796,-103921.47686008776,0.09524543340990083,5097,5097
797,-103921.49833546315,0.1043945701209429,5102,5102
798,-103921.49228320732,0.0597327409364207,5104,5104
799,-103921.43658727962,0.13629284277847992,5120,5120
800,-103921.49342725214,0.18633059547020747,5124,5124
801,-103921.47401061314,0.10221102449686602,5126,5126
802,-103921.49686804129,0.08791011589446004,5131,5131
803,-103921.49135714097,0.06582289258451918,5133,5133
804,-103921.45056985904,0.12246065882590716,5153,5153
805,-103921.49600502272,0.16246126618965484,5157,5157
806,-103921.48104793894,0.0869972008630314,5159,5159
807,-103921.4986206082,0.08496314261701715,5164,5164
808,-103921.49420479874,0.05407625036201559,5166,5166
809,-103921.45741165821,0.11348071024958212,5184,5184
810,-103921.4948478816,0.1557496267290146,5188,5188
811,-103921.481995231,0.08723916977590435,5190,5190
812,-103921.49802788645,0.06053615436987854,5195,5195
813,-103921.4964682185,0.04839581409144441,5198,5198
814,-103921.49945710656,0.0386126015624199,5205,5205
815,-103921.50132358498,0.060687722825131546,5210,5210
816,-103921.50159124358,0.01789567739111203,5215,5215
817,-103921.50086764761,0.02114605257822956,5232,5232
818,-103921.4895289306,0.060117157165653454,5245,5245
819,-103921.49970260297,0.1210854986434314,5250,5250
820,-103921.49847613423,0.0420111174764537,5255,5255
821,-103921.4951343036,0.047444307526901645,5275,5275
822,-103921.4191002692,0.15426306682994884,5287,5287
823,-103921.49629716876,0.21550791921251572,5291,5291
824,-103921.47029890073,0.10580995114069665,5293,5293
825,-103921.49836970458,0.13400732056830697,5298,5298
826,-103921.4893226189,0.0685379157587663,5300,5300
827,-103921.39762345106,0.17252244976726647,5317,5317
828,-103921.49334372618,0.22690829469093654,5321,5321
829,-103921.46131612295,0.12148629219573823,5323,5323
830,-103921.4967433852,0.14375472535803752,5328,5328
831,-103921.48554234453,0.08046012721078884,5330,5330
832,-103921.49884418571,0.06241505655582094,5335,5335
833,-103921.49594492231,0.0516505218840828,5337,5337
834,-103921.47823452491,0.0833464738243331,5356,5356
835,-103921.49812878632,0.11517534357648142,5360,5360
836,-103921.49142488776,0.06228347608823284,5362,5362
837,-103921.4399210349,0.13319608049910925,5379,5379
838,-103921.4938526135,0.1824585891565902,5383,5383
839,-103921.4754124149,0.10038255451701537,5385,5385
840,-103921.49729376267,0.08356884333094344,5390,5390
841,-103921.49217196283,0.06444424302821211,5392,5392
842,-103921.45538415722,0.11711013566155473,5412,5412
843,-103921.4965237199,0.15573164035015047,5416,5416
844,-103921.48294591572,0.08368361247211417,5418,5418
845,-103921.49908876437,0.07843252734122944,5423,5423
846,-103921.49520458793,0.05160329925210651,5425,5425
847,-103921.46402230317,0.10589659177177543,5442,5442
848,-103921.49573830586,0.144963725277152,5446,5446
849,-103921.4848288457,0.08188354098561085,5448,5448
850,-103921.39869164866,0.17173472587146782,5466,5466
851,-103921.49625094028,0.22143268912023847,5470,5470
852,-103921.46521563345,0.1144503063452152,5472,5472
853,-103921.49428494798,0.19489051512019373,5478,5478
854,-103921.49327550299,0.07238075648330272,5483,5483
855,-103921.47834415814,0.08591941120170271,5503,5503
856,-103921.49719938014,0.09691738659086155,5507,5507
857,-103921.4915365031,0.06612900183325637,5509,5509
858,-103921.45707136451,0.11512465588069985,5528,5528
859,-103921.49677057889,0.1538783666595417,5532,5532
860,-103921.48361846167,0.08240958398399195,5534,5534
861,-103921.49927742365,0.07664549682742672,5539,5539
862,-103921.49555246934,0.05088006948665648,5541,5541
863,-103921.46597938727,0.10365854740721428,5558,5558
864,-103921.49604696283,0.14159700766249125,5562,5562
865,-103921.48569661901,0.08031640209105814,5564,5564
866,-103921.40618767943,0.16588661654266892,5581,5581
867,-103921.49630760189,0.21498334772160088,5585,5585
868,-103921.4675021863,0.11133843985071089,5587,5587
869,-103921.49566197363,0.1888382965909144,5593,5593
870,-103921.49384189854,0.06874659016708921,5598,5598
871,-103921.48266537627,0.07860922992345891,5621,5621
872,-103921.49811835382,0.08951473891516573,5625,5625
873,-103921.49341476476,0.06081728175798989,5627,5627
874,-103921.46657670323,0.1026187758681237,5645,5645
875,-103921.49746484542,0.13901116361093288,5649,5649
876,-103921.48714493825,0.07452823381322285,5651,5651
877,-103921.38916633258,0.17574026710274315,5667,5667
878,-103921.49279425075,0.23611441790581572,5671,5671
879,-103921.45797255928,0.127528740748723,5673,5673
880,-103921.49661766809,0.15216052368314792,5678,5678
881,-103921.48429954147,0.08467573407768199,5680,5680
882,-103921.49885966166,0.06489607680987342,5685,5685
883,-103921.49566021726,0.05452972346316486,5687,5687
884,-103921.47636194249,0.08808172847311319,5705,5705
885,-103921.49844179029,0.12090220078358757,5709,5709
886,-103921.49105333541,0.06479643151647059,5711,5711
887,-103921.42930267077,0.14326403253404157,5727,5727
888,-103921.49327466414,0.1982417481467441,5731,5731
889,-103921.47130550623,0.10863803200880623,5733,5733
890,-103921.49696073252,0.09667277737688869,5738,5738
891,-103921.49057002373,0.07045882464498299,5740,5740
892,-103921.44263633544,0.13356780760993114,5758,5758
893,-103921.49698409683,0.17315789008428,5762,5762
894,-103921.47936615128,0.09288122030801298,5764,5764
895,-103921.49943392315,0.10258598915222716,5769,5769
896,-103921.49375124255,0.05687736737961413,5771,5771
897,-103921.44088517847,0.13263603965055776,5787,5787
898,-103921.49400595516,0.1840133323205102,5791,5791
899,-103921.47567310976,0.10126014126565219,5793,5793
900,-103921.4975494005,0.08134431203439584,5798,5798
901,-103921.4925883548,0.06494540710555449,5800,5800
902,-103921.4587290025,0.1143668160700683,5818,5818
903,-103921.4973819986,0.15152885341824213,5822,5822
904,-103921.48467409698,0.08161953207277131,5824,5824
905,-103921.4997955492,0.0766378541898386,5829,5829
906,-103921.49615483521,0.049360335172757966,5831,5831
907,-103921.46665376434,0.10370636128778846,5848,5848
908,-103921.49625420994,0.14230323254506566,5852,5852
909,-103921.48601065109,0.08063023241306833,5854,5854
910,-103921.40993063292,0.16436252317665725,5872,5872
911,-103921.49715293536,0.2085399315483866,5876,5876
912,-103921.4694252342,0.10987317302065491,5878,5878
913,-103921.49599101642,0.1823244254280421,5884,5884
914,-103921.49474746725,0.06658416416776798,5889,5889
915,-103921.48306177944,0.07879568391144492,5909,5909
916,-103921.49839224934,0.08949766763397177,5913,5913
917,-103921.49374030001,0.061024549041280726,5915,5915
918,-103921.46791713794,0.10189014110662689,5934,5934
919,-103921.4980375577,0.13791987700789696,5938,5938
920,-103921.48800579851,0.07383550744355696,5940,5940
921,-103921.39124071774,0.17209924139669863,5956,5956
922,-103921.49267455789,0.23663907927817623,5960,5960
923,-103921.45829562953,0.12800603707154853,5962,5962
924,-103921.49661863224,0.14858106604797133,5967,5967
925,-103921.48466294138,0.08495153538954307,5969,5969
926,-103921.49915056053,0.06187229594571973,5974,5974
927,-103921.49610278915,0.05426438300142283,5976,5976
928,-103921.47851369489,0.08535613466854367,5995,5995
929,-103921.4990224998,0.11726592765339715,5999,5999
930,-103921.49217173681,0.06285114184872465,6001,6001
931,-103921.43566745582,0.1383651890684608,6017,6017
932,-103921.49368873665,0.19192876692848526,6021,6021
933,-103921.47363754791,0.10557798887842791,6023,6023
934,-103921.49739989974,0.08766534413214169,6028,6028
935,-103921.49184992994,0.06804024433108846,6030,6030
936,-103921.45320885663,0.12227681622502931,6048,6048
937,-103921.49764681,0.16042436181922426,6052,6052
938,-103921.48316682213,0.08612200364256294,6054,6054
939,-103921.50001372576,0.08782632258430505,6059,6059
940,-103921.49560044009,0.05208884266308986,6061,6061
941,-103921.45700291949,0.1164275224354829,6079,6079
942,-103921.49534908292,0.1610784121842439,6083,6083
943,-103921.48203299244,0.09005927647419516,6085,6085
944,-103921.49872073038,0.0591649256856889,6090,6090
945,-103921.49717283016,0.04993348438341174,6093,6093
946,-103921.50089066071,0.03697544156589265,6100,6100
947,-103921.50234469873,0.0578192247515602,6105,6105
948,-103921.50273724276,0.016373196616466065,6110,6110
949,-103921.50195155188,0.020901093735536044,6133,6133
950,-103921.49187741628,0.05709496620568248,6146,6146
951,-103921.5009451177,0.11271018716402569,6151,6151
952,-103921.49993729481,0.03868335750396472,6156,6156
953,-103921.49686989258,0.04559888596095667,6176,6176
954,-103921.42830005035,0.1486984476682614,6188,6188
955,-103921.49806657879,0.20089131782948033,6192,6192
956,-103921.47474372372,0.10168587128201675,6194,6194
957,-103921.49991385093,0.1295546335834748,6199,6199
958,-103921.49178558747,0.06353765290122007,6201,6201
959,-103921.40880530362,0.16058702311662182,6216,6216
960,-103921.49361922384,0.22180785180417545,6220,6220
961,-103921.46464603853,0.11934955860276242,6222,6222
962,-103921.49722073747,0.12770264952819688,6227,6227
963,-103921.48771499582,0.0787452622059917,6229,6229
964,-103921.40399187904,0.17001080737428761,6246,6246
965,-103921.49789629511,0.21286641644841786,6250,6250
966,-103921.46827346922,0.11250124790890303,6252,6252
967,-103921.4950324728,0.18669180429479004,6258,6258
968,-103921.49498219922,0.06962166364552601,6263,6263
969,-103921.47880921995,0.08730485217289911,6283,6283
970,-103921.49789442348,0.09771063245316494,6287,6287
971,-103921.4921958767,0.0672922658692096,6289,6289
972,-103921.45853664025,0.11548263880521983,6309,6309
973,-103921.49801529381,0.15371059143819252,6313,6313
974,-103921.48501316426,0.08219464216421832,6315,6315
975,-103921.50037143542,0.07902623635831055,6320,6320
976,-103921.49659687775,0.04958976159571003,6322,6322
977,-103921.4654796428,0.10633385900234311,6339,6339
978,-103921.4965916134,0.14591041382649367,6343,6343
979,-103921.48581233065,0.08264486984911855,6345,6345
980,-103921.4041628342,0.169907553740248,6362,6362
981,-103921.4980147029,0.21324466099082567,6366,6366
982,-103921.46838221839,0.11246508627996146,6368,6368
983,-103921.49519320382,0.18676581005929782,6374,6374
984,-103921.49509352929,0.06975251897777505,6379,6379
985,-103921.47902732095,0.08718805349507144,6398,6398
986,-103921.49804969976,0.09755386132118046,6402,6402
987,-103921.49236797269,0.06720213504523342,6404,6404
988,-103921.45877468637,0.115296767620199,6424,6424
989,-103921.49813711092,0.15357888359680644,6428,6428
990,-103921.48516774493,0.08209622005363174,6430,6430
991,-103921.50049811057,0.07876108743309714,6435,6435
992,-103921.49674091008,0.04962698858095628,6437,6437
993,-103921.46585820137,0.1060180343566257,6454,6454
994,-103921.49676390373,0.1453644541546323,6458,6458
995,-103921.48606011548,0.08239840327395774,6460,6460
996,-103921.40507783629,0.1691945348637173,6477,6477
997,-103921.49810023609,0.2129347550421036,6481,6481
998,-103921.46869681912,0.11213665766962691,6483,6483
999,-103921.49551046744,0.18628594987300723,6489,6489
1000,-103921.49524333168,0.06942746459941732,6494,6494
